Entity,Code,Year,Annual COâ‚‚ emissions (per capita)
Canada,CAN,1790,0.00448715
Canada,CAN,1800,0.007328
Canada,CAN,1801,0.0071507194
Canada,CAN,1802,0.0069777183
Canada,CAN,1803,0.006808903
Canada,CAN,1804,0.006644181
Canada,CAN,1805,0.006483441
Canada,CAN,1806,0.0063265893
Canada,CAN,1807,0.006173526
Canada,CAN,1808,0.006024176
Canada,CAN,1809,0.005878427
Canada,CAN,1810,0.005732775
Canada,CAN,1811,0.0055940812
Canada,CAN,1812,0.0054587494
Canada,CAN,1813,0.005326681
Canada,CAN,1814,0.0051978193
Canada,CAN,1815,0.0050720666
Canada,CAN,1816,0.0049493583
Canada,CAN,1817,0.004829619
Canada,CAN,1818,0.0047127767
Canada,CAN,1819,0.0045876615
Canada,CAN,1820,0.004455307
Canada,CAN,1821,0.0043168045
Canada,CAN,1822,0.0041732965
Canada,CAN,1823,0.0040259357
Canada,CAN,1824,0.0038837793
Canada,CAN,1825,0.0037466397
Canada,CAN,1826,0.003614346
Canada,CAN,1827,0.003486721
Canada,CAN,1828,0.0033636033
Canada,CAN,1829,0.0032439104
Canada,CAN,1830,0.0031276222
Canada,CAN,1831,0.0030147023
Canada,CAN,1832,0.0029051213
Canada,CAN,1833,0.0027988374
Canada,CAN,1834,0.0026964413
Canada,CAN,1835,0.0025977911
Canada,CAN,1836,0.0025027494
Canada,CAN,1837,0.0024111862
Canada,CAN,1838,0.0023229716
Canada,CAN,1839,0.0022375667
Canada,CAN,1840,0.0021549126
Canada,CAN,1841,0.0020749497
Canada,CAN,1842,0.0019976208
Canada,CAN,1843,0.001922864
Canada,CAN,1844,0.0018509051
Canada,CAN,1845,0.0017816393
Canada,CAN,1846,0.012004754
Canada,CAN,1847,0.014857079
Canada,CAN,1848,0.017479105
Canada,CAN,1849,0.019917024
Canada,CAN,1850,0.023672614
Canada,CAN,1851,0.027198797
Canada,CAN,1852,0.03190351
Canada,CAN,1853,0.037688646
Canada,CAN,1854,0.044409256
Canada,CAN,1855,0.05196615
Canada,CAN,1856,0.060266335
Canada,CAN,1857,0.07041626
Canada,CAN,1858,0.08338649
Canada,CAN,1859,0.0970362
Canada,CAN,1860,0.11476422
Canada,CAN,1861,0.13540761
Canada,CAN,1862,0.16329855
Canada,CAN,1863,0.20264763
Canada,CAN,1864,0.24005882
Canada,CAN,1865,0.28693542
Canada,CAN,1866,0.34601
Canada,CAN,1867,0.43906397
Canada,CAN,1868,0.2575183
Canada,CAN,1869,0.18445463
Canada,CAN,1870,0.32536218
Canada,CAN,1871,0.46724626
Canada,CAN,1872,0.47791365
Canada,CAN,1873,0.41031522
Canada,CAN,1874,0.408123
Canada,CAN,1875,0.4649344
Canada,CAN,1876,0.45379946
Canada,CAN,1877,0.48700067
Canada,CAN,1878,0.45915452
Canada,CAN,1879,0.5112118
Canada,CAN,1880,1.208935
Canada,CAN,1881,1.2759558
Canada,CAN,1882,1.4924102
Canada,CAN,1883,1.6573254
Canada,CAN,1884,1.8968037
Canada,CAN,1885,1.7982968
Canada,CAN,1886,1.8977568
Canada,CAN,1887,2.1651986
Canada,CAN,1888,2.8083618
Canada,CAN,1889,2.3566074
Canada,CAN,1890,2.5630736
Canada,CAN,1891,2.8485932
Canada,CAN,1892,2.8091936
Canada,CAN,1893,2.9741094
Canada,CAN,1894,2.8107967
Canada,CAN,1895,2.6554804
Canada,CAN,1896,2.8461123
Canada,CAN,1897,2.8466144
Canada,CAN,1898,2.9912574
Canada,CAN,1899,3.601491
Canada,CAN,1900,3.809882
Canada,CAN,1901,4.314541
Canada,CAN,1902,4.5310693
Canada,CAN,1903,4.807077
Canada,CAN,1904,5.5376906
Canada,CAN,1905,5.762103
Canada,CAN,1906,5.924632
Canada,CAN,1907,7.2467875
Canada,CAN,1908,7.115185
Canada,CAN,1909,6.639268
Canada,CAN,1910,7.371467
Canada,CAN,1911,8.413321
Canada,CAN,1912,9.193391
Canada,CAN,1913,10.621982
Canada,CAN,1914,8.981634
Canada,CAN,1915,7.869652
Canada,CAN,1916,9.651729
Canada,CAN,1917,10.549546
Canada,CAN,1918,10.857058
Canada,CAN,1919,9.048733
Canada,CAN,1920,9.844267
Canada,CAN,1921,9.216849
Canada,CAN,1922,7.783743
Canada,CAN,1923,10.275167
Canada,CAN,1924,8.402561
Canada,CAN,1925,8.028306
Canada,CAN,1926,8.8852415
Canada,CAN,1927,9.4766445
Canada,CAN,1928,9.49147
Canada,CAN,1929,9.862325
Canada,CAN,1930,9.257836
Canada,CAN,1931,7.343073
Canada,CAN,1932,6.7147307
Canada,CAN,1933,6.573879
Canada,CAN,1934,7.4792857
Canada,CAN,1935,7.2952337
Canada,CAN,1936,7.8913813
Canada,CAN,1937,8.469536
Canada,CAN,1938,7.6667156
Canada,CAN,1939,8.410252
Canada,CAN,1940,9.483877
Canada,CAN,1941,10.331519
Canada,CAN,1942,11.084097
Canada,CAN,1943,11.464969
Canada,CAN,1944,11.450211
Canada,CAN,1945,10.452736
Canada,CAN,1946,10.886324
Canada,CAN,1947,11.086596
Canada,CAN,1948,12.02194
Canada,CAN,1949,10.782731
Canada,CAN,1950,11.216466
Canada,CAN,1951,11.551132
Canada,CAN,1952,11.006764
Canada,CAN,1953,10.780608
Canada,CAN,1954,10.638279
Canada,CAN,1955,10.77506
Canada,CAN,1956,11.745476
Canada,CAN,1957,10.985386
Canada,CAN,1958,10.649803
Canada,CAN,1959,10.53245
Canada,CAN,1960,10.766993
Canada,CAN,1961,10.622562
Canada,CAN,1962,11.120407
Canada,CAN,1963,11.121489
Canada,CAN,1964,12.295921
Canada,CAN,1965,12.797072
Canada,CAN,1966,12.919052
Canada,CAN,1967,13.7998
Canada,CAN,1968,14.626161
Canada,CAN,1969,14.598572
Canada,CAN,1970,15.9131
Canada,CAN,1971,16.089348
Canada,CAN,1972,17.128956
Canada,CAN,1973,16.93627
Canada,CAN,1974,17.070429
Canada,CAN,1975,17.140572
Canada,CAN,1976,17.00912
Canada,CAN,1977,17.184347
Canada,CAN,1978,17.329044
Canada,CAN,1979,18.223114
Canada,CAN,1980,18.050495
Canada,CAN,1981,17.292418
Canada,CAN,1982,16.485767
Canada,CAN,1983,16.068344
Canada,CAN,1984,16.56514
Canada,CAN,1985,16.265327
Canada,CAN,1986,15.440364
Canada,CAN,1987,16.238403
Canada,CAN,1988,16.921797
Canada,CAN,1989,16.91458
Canada,CAN,1990,16.481619
Canada,CAN,1991,15.973067
Canada,CAN,1992,16.263006
Canada,CAN,1993,16.09954
Canada,CAN,1994,16.421047
Canada,CAN,1995,16.681196
Canada,CAN,1996,17.056643
Canada,CAN,1997,17.366526
Canada,CAN,1998,17.462454
Canada,CAN,1999,17.7737
Canada,CAN,2000,18.330475
Canada,CAN,2001,17.888384
Canada,CAN,2002,17.875952
Canada,CAN,2003,18.242985
Canada,CAN,2004,18.024103
Canada,CAN,2005,17.658808
Canada,CAN,2006,17.343943
Canada,CAN,2007,17.886063
Canada,CAN,2008,17.213322
Canada,CAN,2009,16.04697
Canada,CAN,2010,16.221771
Canada,CAN,2011,16.301926
Canada,CAN,2012,16.156374
Canada,CAN,2013,16.117844
Canada,CAN,2014,15.896746
Canada,CAN,2015,15.728835
Canada,CAN,2016,15.373321
Canada,CAN,2017,15.474768
Canada,CAN,2018,15.526985
Canada,CAN,2019,15.404441
Canada,CAN,2020,13.795005
Canada,CAN,2021,14.050835
Canada,CAN,2022,14.18325
Canada,CAN,2023,13.977395
China,CHN,1907,0.04840261
China,CHN,1908,0.055020537
China,CHN,1909,0.058310255
China,CHN,1910,0.059680074
China,CHN,1911,0.05827084
China,CHN,1912,0.039898846
China,CHN,1913,0.056213327
China,CHN,1914,0.061269186
China,CHN,1915,0.057669863
China,CHN,1916,0.0676246
China,CHN,1917,0.071104296
China,CHN,1918,0.07631273
China,CHN,1919,0.08266413
China,CHN,1920,0.08693245
China,CHN,1921,0.083120845
China,CHN,1922,0.08528475
China,CHN,1923,0.09890104
China,CHN,1924,0.103484906
China,CHN,1925,0.09701566
China,CHN,1926,0.09184579
China,CHN,1927,0.09602494
China,CHN,1928,0.09940985
China,CHN,1929,0.10044768
China,CHN,1930,0.102641396
China,CHN,1931,0.10696789
China,CHN,1932,0.10303524
China,CHN,1933,0.110256605
China,CHN,1934,0.12636147
China,CHN,1935,0.1462837
China,CHN,1936,0.15108936
China,CHN,1937,0.141227
China,CHN,1938,0.12139731
China,CHN,1939,0.14638789
China,CHN,1940,0.17756674
China,CHN,1941,0.22169025
China,CHN,1942,0.24687532
China,CHN,1943,0.20974888
China,CHN,1944,0.19717897
China,CHN,1945,0.1064322
China,CHN,1946,0.06839545
China,CHN,1947,0.078831576
China,CHN,1948,0.07197712
China,CHN,1949,0.11541034
China,CHN,1950,0.144906
China,CHN,1951,0.18440396
China,CHN,1952,0.22649479
China,CHN,1953,0.23163575
China,CHN,1954,0.27262098
China,CHN,1955,0.31566963
China,CHN,1956,0.3500462
China,CHN,1957,0.40577844
China,CHN,1958,0.81434524
China,CHN,1959,1.1033285
China,CHN,1960,1.2199105
China,CHN,1961,0.87016356
China,CHN,1962,0.6910784
China,CHN,1963,0.6672671
China,CHN,1964,0.653573
China,CHN,1965,0.69156134
China,CHN,1966,0.74011
China,CHN,1967,0.60474396
China,CHN,1968,0.63444245
China,CHN,1969,0.7575773
China,CHN,1970,0.98134804
China,CHN,1971,1.0771736
China,CHN,1972,1.1215358
China,CHN,1973,1.1424416
China,CHN,1974,1.1419429
China,CHN,1975,1.2915547
China,CHN,1976,1.3182049
China,CHN,1977,1.4210548
China,CHN,1978,1.5612195
China,CHN,1979,1.5740018
China,CHN,1980,1.5200888
China,CHN,1981,1.4798603
China,CHN,1982,1.585047
China,CHN,1983,1.6463653
China,CHN,1984,1.7673312
China,CHN,1985,1.8853257
China,CHN,1986,1.9533492
China,CHN,1987,2.0595717
China,CHN,1988,2.175213
China,CHN,1989,2.1725519
China,CHN,1990,2.1540327
China,CHN,1991,2.2259324
China,CHN,1992,2.3052905
China,CHN,1993,2.4401822
China,CHN,1994,2.5671885
China,CHN,1995,2.755138
China,CHN,1996,2.8505082
China,CHN,1997,2.8325534
China,CHN,1998,2.6898472
China,CHN,1999,2.822838
China,CHN,2000,2.8743546
China,CHN,2001,2.9158025
China,CHN,2002,3.1884
China,CHN,2003,3.7397094
China,CHN,2004,4.0068736
China,CHN,2005,4.4900646
China,CHN,2006,4.927211
China,CHN,2007,5.2673674
China,CHN,2008,5.624066
China,CHN,2009,5.8777986
China,CHN,2010,6.378234
China,CHN,2011,7.0077763
China,CHN,2012,7.140667
China,CHN,2013,7.219921
China,CHN,2014,7.19784
China,CHN,2015,7.0648346
China,CHN,2016,6.953239
China,CHN,2017,7.084865
China,CHN,2018,7.2818375
China,CHN,2019,7.5264
China,CHN,2020,7.6471825
China,CHN,2021,8.025529
China,CHN,2022,7.9642863
China,CHN,2023,8.366814
European Union (27),,1800,0.009496322
European Union (27),,1801,0.007687109
European Union (27),,1802,0.075323544
European Union (27),,1803,0.0077432757
European Union (27),,1804,0.028136875
European Union (27),,1805,0.012384073
European Union (27),,1806,0.011137889
European Union (27),,1807,0.02456841
European Union (27),,1808,0.010567293
European Union (27),,1809,0.01053345
European Union (27),,1810,0.027361546
European Union (27),,1811,0.026461568
European Union (27),,1812,0.026405927
European Union (27),,1813,0.024308203
European Union (27),,1814,0.025301173
European Union (27),,1815,0.028637664
European Union (27),,1816,0.039958455
European Union (27),,1817,0.048438467
European Union (27),,1818,0.048490986
European Union (27),,1819,0.048217118
European Union (27),,1820,0.051519662
European Union (27),,1821,0.05368985
European Union (27),,1822,0.05565921
European Union (27),,1823,0.05998616
European Union (27),,1824,0.057156302
European Union (27),,1825,0.067487836
European Union (27),,1826,0.066472225
European Union (27),,1827,0.08102235
European Union (27),,1828,0.08177985
European Union (27),,1829,0.07329413
European Union (27),,1830,0.123744555
European Union (27),,1831,0.10568741
European Union (27),,1832,0.10498963
European Union (27),,1833,0.112357475
European Union (27),,1834,0.122855805
European Union (27),,1835,0.13000333
European Union (27),,1836,0.14598058
European Union (27),,1837,0.15728626
European Union (27),,1838,0.1656946
European Union (27),,1839,0.17134991
European Union (27),,1840,0.19290182
European Union (27),,1841,0.20625627
European Union (27),,1842,0.22050618
European Union (27),,1843,0.21190807
European Union (27),,1844,0.2259962
European Union (27),,1845,0.25558025
European Union (27),,1846,0.28480136
European Union (27),,1847,0.30806577
European Union (27),,1848,0.27135873
European Union (27),,1849,0.2783948
European Union (27),,1850,0.3050663
European Union (27),,1851,0.32050323
European Union (27),,1852,0.35732245
European Union (27),,1853,0.3931904
European Union (27),,1854,0.45188573
European Union (27),,1855,0.49544978
European Union (27),,1856,0.5225753
European Union (27),,1857,0.541157
European Union (27),,1858,0.56674975
European Union (27),,1859,0.5532162
European Union (27),,1860,0.5954035
European Union (27),,1861,0.6503463
European Union (27),,1862,0.6994091
European Union (27),,1863,0.7228069
European Union (27),,1864,0.77671826
European Union (27),,1865,0.8376266
European Union (27),,1866,0.85492015
European Union (27),,1867,0.91055155
European Union (27),,1868,0.94886684
European Union (27),,1869,0.9821871
European Union (27),,1870,0.97921836
European Union (27),,1871,1.0383115
European Union (27),,1872,1.1453869
European Union (27),,1873,1.2173191
European Union (27),,1874,1.0572629
European Union (27),,1875,1.2148176
European Union (27),,1876,1.2599242
European Union (27),,1877,1.2202631
European Union (27),,1878,1.2514178
European Union (27),,1879,1.3149316
European Union (27),,1880,1.5098214
European Union (27),,1881,1.5042554
European Union (27),,1882,1.5779564
European Union (27),,1883,1.6722529
European Union (27),,1884,1.6759238
European Union (27),,1885,1.683614
European Union (27),,1886,1.6785326
European Union (27),,1887,1.7447912
European Union (27),,1888,1.8626709
European Union (27),,1889,1.9476731
European Union (27),,1890,2.0478294
European Union (27),,1891,2.1150095
European Union (27),,1892,2.0663364
European Union (27),,1893,2.0847745
European Union (27),,1894,2.1727724
European Union (27),,1895,2.2216527
European Union (27),,1896,2.3340592
European Union (27),,1897,2.4496882
European Union (27),,1898,2.5379882
European Union (27),,1899,2.6517208
European Union (27),,1900,2.7982206
European Union (27),,1901,2.7651422
European Union (27),,1902,2.69054
European Union (27),,1903,2.8457546
European Union (27),,1904,2.874457
European Union (27),,1905,2.9946952
European Union (27),,1906,3.0304255
European Union (27),,1907,3.429673
European Union (27),,1908,3.5261562
European Union (27),,1909,3.4763472
European Union (27),,1910,3.5235155
European Union (27),,1911,3.584069
European Union (27),,1912,3.8379014
European Union (27),,1913,4.1350245
European Union (27),,1914,3.5407035
European Union (27),,1915,3.250654
European Union (27),,1916,3.4199033
European Union (27),,1917,3.394824
European Union (27),,1918,3.1993554
European Union (27),,1919,2.4852242
European Union (27),,1920,3.1059756
European Union (27),,1921,3.2074685
European Union (27),,1922,3.2697504
European Union (27),,1923,2.9064872
European Union (27),,1924,3.4992669
European Union (27),,1925,3.508122
European Union (27),,1926,3.3608837
European Union (27),,1927,3.7449894
European Union (27),,1928,3.7991657
European Union (27),,1929,4.1377864
European Union (27),,1930,3.732181
European Union (27),,1931,3.3366063
European Union (27),,1932,2.9287193
European Union (27),,1933,3.000188
European Union (27),,1934,3.2129476
European Union (27),,1935,3.342031
European Union (27),,1936,3.460963
European Union (27),,1937,3.8706443
European Union (27),,1938,3.8856747
European Union (27),,1939,3.9771554
European Union (27),,1940,4.1191573
European Union (27),,1941,4.0459433
European Union (27),,1942,4.096244
European Union (27),,1943,4.1236806
European Union (27),,1944,3.5284529
European Union (27),,1945,1.5226943
European Union (27),,1946,2.6231813
European Union (27),,1947,3.0673258
European Union (27),,1948,3.3839843
European Union (27),,1949,3.7290008
European Union (27),,1950,3.8939776
European Union (27),,1951,4.325158
European Union (27),,1952,4.4649744
European Union (27),,1953,4.5135183
European Union (27),,1954,4.761154
European Union (27),,1955,5.1094565
European Union (27),,1956,5.4292383
European Union (27),,1957,5.5551286
European Union (27),,1958,5.4607654
European Union (27),,1959,5.4975877
European Union (27),,1960,5.8999124
European Union (27),,1961,6.1299424
European Union (27),,1962,6.5081983
European Union (27),,1963,6.8882647
European Union (27),,1964,7.1882463
European Union (27),,1965,7.218554
European Union (27),,1966,7.3803062
European Union (27),,1967,7.4910903
European Union (27),,1968,7.895214
European Union (27),,1969,8.3569355
European Union (27),,1970,8.667849
European Union (27),,1971,8.856128
European Union (27),,1972,9.124801
European Union (27),,1973,9.503384
European Union (27),,1974,9.396164
European Union (27),,1975,9.164587
European Union (27),,1976,9.812263
European Union (27),,1977,9.668044
European Union (27),,1978,9.946891
European Union (27),,1979,10.170705
European Union (27),,1980,10.029868
European Union (27),,1981,9.458792
European Union (27),,1982,9.201721
European Union (27),,1983,9.071424
European Union (27),,1984,9.133937
European Union (27),,1985,9.251053
European Union (27),,1986,9.1897955
European Union (27),,1987,9.241755
European Union (27),,1988,9.120197
European Union (27),,1989,9.175288
European Union (27),,1990,9.214598
European Union (27),,1991,9.027587
European Union (27),,1992,8.696673
European Union (27),,1993,8.507024
European Union (27),,1994,8.441405
European Union (27),,1995,8.537151
European Union (27),,1996,8.729384
European Union (27),,1997,8.564151
European Union (27),,1998,8.541549
European Union (27),,1999,8.408397
European Union (27),,2000,8.419039
European Union (27),,2001,8.532679
European Union (27),,2002,8.508337
European Union (27),,2003,8.659959
European Union (27),,2004,8.645041
European Union (27),,2005,8.596072
European Union (27),,2006,8.61288
European Union (27),,2007,8.472536
European Union (27),,2008,8.26802
European Union (27),,2009,7.574756
European Union (27),,2010,7.7711906
European Union (27),,2011,7.536311
European Union (27),,2012,7.3700943
European Union (27),,2013,7.1770205
European Union (27),,2014,6.8592596
European Union (27),,2015,6.9715643
European Union (27),,2016,6.952579
European Union (27),,2017,6.994051
European Union (27),,2018,6.8305554
European Union (27),,2019,6.492865
European Union (27),,2020,5.8676276
European Union (27),,2021,6.256661
European Union (27),,2022,6.1010814
European Union (27),,2023,5.571019
India,IND,1858,0.0016306345
India,IND,1859,0.0026225285
India,IND,1860,0.0026413742
India,IND,1861,0.0020357708
India,IND,1862,0.0022457154
India,IND,1863,0.0024812713
India,IND,1864,0.0023389156
India,IND,1865,0.0022912421
India,IND,1866,0.0025777572
India,IND,1878,0.0069541484
India,IND,1879,0.00661162
India,IND,1880,0.007376274
India,IND,1881,0.007152246
India,IND,1882,0.008483122
India,IND,1883,0.00935244
India,IND,1884,0.010376405
India,IND,1885,0.009273
India,IND,1886,0.010368174
India,IND,1887,0.011375812
India,IND,1888,0.012549144
India,IND,1889,0.014703918
India,IND,1890,0.016115645
India,IND,1891,0.017284762
India,IND,1892,0.018952932
India,IND,1893,0.01999356
India,IND,1894,0.020230243
India,IND,1895,0.025301976
India,IND,1896,0.027325615
India,IND,1897,0.029601838
India,IND,1898,0.03268272
India,IND,1899,0.035929587
India,IND,1900,0.042497184
India,IND,1901,0.04676396
India,IND,1902,0.051255062
India,IND,1903,0.051971376
India,IND,1904,0.05781762
India,IND,1905,0.058773577
India,IND,1906,0.067479804
India,IND,1907,0.074727364
India,IND,1908,0.08500604
India,IND,1909,0.08200695
India,IND,1910,0.07948412
India,IND,1911,0.08363586
India,IND,1912,0.09608166
India,IND,1913,0.105915904
India,IND,1914,0.10660639
India,IND,1915,0.1113691
India,IND,1916,0.11253865
India,IND,1917,0.11748533
India,IND,1918,0.13189174
India,IND,1919,0.14359692
India,IND,1920,0.11597921
India,IND,1921,0.12397458
India,IND,1922,0.12101957
India,IND,1923,0.12333363
India,IND,1924,0.13069953
India,IND,1925,0.1277203
India,IND,1926,0.12605053
India,IND,1927,0.13091344
India,IND,1928,0.12405647
India,IND,1929,0.12777013
India,IND,1930,0.1284197
India,IND,1931,0.116239466
India,IND,1932,0.10668871
India,IND,1933,0.10328146
India,IND,1934,0.11374881
India,IND,1935,0.117218636
India,IND,1936,0.1136144
India,IND,1937,0.1241089
India,IND,1938,0.136815
India,IND,1939,0.13263759
India,IND,1940,0.13995251
India,IND,1941,0.14319769
India,IND,1942,0.14351086
India,IND,1943,0.1259883
India,IND,1944,0.12979308
India,IND,1945,0.14496106
India,IND,1946,0.14425357
India,IND,1947,0.1479919
India,IND,1948,0.14916655
India,IND,1949,0.15787825
India,IND,1950,0.1764548
India,IND,1951,0.18091984
India,IND,1952,0.18632445
India,IND,1953,0.18563625
India,IND,1954,0.19122282
India,IND,1955,0.20321785
India,IND,1956,0.2056893
India,IND,1957,0.22556178
India,IND,1958,0.23044969
India,IND,1959,0.23826177
India,IND,1960,0.25533834
India,IND,1961,0.26962334
India,IND,1962,0.28993317
India,IND,1963,0.30427772
India,IND,1964,0.29106772
India,IND,1965,0.31358773
India,IND,1966,0.31827557
India,IND,1967,0.31187224
India,IND,1968,0.3330088
India,IND,1969,0.3323091
India,IND,1970,0.3329081
India,IND,1971,0.3439615
India,IND,1972,0.35590243
India,IND,1973,0.35836738
India,IND,1974,0.36153805
India,IND,1975,0.38312688
India,IND,1976,0.39105973
India,IND,1977,0.40412185
India,IND,1978,0.4013089
India,IND,1979,0.4116552
India,IND,1980,0.42439717
India,IND,1981,0.44758826
India,IND,1982,0.45172
India,IND,1983,0.4776402
India,IND,1984,0.4789657
India,IND,1985,0.5145839
India,IND,1986,0.5391612
India,IND,1987,0.5628946
India,IND,1988,0.59430265
India,IND,1989,0.6390376
India,IND,1990,0.668225
India,IND,1991,0.6961713
India,IND,1992,0.7258895
India,IND,1993,0.73450357
India,IND,1994,0.758703
India,IND,1995,0.7918992
India,IND,1996,0.8407051
India,IND,1997,0.8587551
India,IND,1998,0.85972553
India,IND,1999,0.9253892
India,IND,2000,0.93243545
India,IND,2001,0.92821974
India,IND,2002,0.94036025
India,IND,2003,0.95606565
India,IND,2004,0.9980951
India,IND,2005,1.034569
India,IND,2006,1.1019762
India,IND,2007,1.1695087
India,IND,2008,1.2330484
India,IND,2009,1.3155314
India,IND,2010,1.348904
India,IND,2011,1.3992051
India,IND,2012,1.5060124
India,IND,2013,1.53963
India,IND,2014,1.6371113
India,IND,2015,1.6823632
India,IND,2016,1.7520503
India,IND,2017,1.7847193
India,IND,2018,1.886328
India,IND,2019,1.8810879
India,IND,2020,1.726452
India,IND,2021,1.8909733
India,IND,2022,1.9861934
India,IND,2023,2.129469
Kenya,KEN,1950,0.15750426
Kenya,KEN,1951,0.23622857
Kenya,KEN,1952,0.263547
Kenya,KEN,1953,0.24468103
Kenya,KEN,1954,0.2677632
Kenya,KEN,1955,0.30406824
Kenya,KEN,1956,0.3299264
Kenya,KEN,1957,0.32856467
Kenya,KEN,1958,0.29096153
Kenya,KEN,1959,0.2974793
Kenya,KEN,1960,0.31501576
Kenya,KEN,1961,0.30028227
Kenya,KEN,1962,0.31593284
Kenya,KEN,1963,0.33065233
Kenya,KEN,1964,0.31461945
Kenya,KEN,1965,0.26385647
Kenya,KEN,1966,0.2757905
Kenya,KEN,1967,0.26687962
Kenya,KEN,1968,0.26765528
Kenya,KEN,1969,0.2857911
Kenya,KEN,1970,0.27075973
Kenya,KEN,1971,0.31209445
Kenya,KEN,1972,0.3167466
Kenya,KEN,1973,0.30978048
Kenya,KEN,1974,0.37823477
Kenya,KEN,1975,0.36777225
Kenya,KEN,1976,0.3297636
Kenya,KEN,1977,0.34995535
Kenya,KEN,1978,0.35604224
Kenya,KEN,1979,0.32548735
Kenya,KEN,1980,0.3863839
Kenya,KEN,1981,0.3926871
Kenya,KEN,1982,0.27242717
Kenya,KEN,1983,0.26082188
Kenya,KEN,1984,0.23302206
Kenya,KEN,1985,0.19609773
Kenya,KEN,1986,0.2088805
Kenya,KEN,1987,0.2507045
Kenya,KEN,1988,0.2240157
Kenya,KEN,1989,0.23452874
Kenya,KEN,1990,0.25418824
Kenya,KEN,1991,0.20444185
Kenya,KEN,1992,0.22706711
Kenya,KEN,1993,0.25248834
Kenya,KEN,1994,0.25344306
Kenya,KEN,1995,0.28376904
Kenya,KEN,1996,0.33983287
Kenya,KEN,1997,0.29215634
Kenya,KEN,1998,0.3447668
Kenya,KEN,1999,0.33869702
Kenya,KEN,2000,0.339682
Kenya,KEN,2001,0.29342556
Kenya,KEN,2002,0.2418248
Kenya,KEN,2003,0.19901927
Kenya,KEN,2004,0.21864036
Kenya,KEN,2005,0.23898835
Kenya,KEN,2006,0.25920057
Kenya,KEN,2007,0.25826955
Kenya,KEN,2008,0.26099798
Kenya,KEN,2009,0.3054444
Kenya,KEN,2010,0.2923937
Kenya,KEN,2011,0.31450126
Kenya,KEN,2012,0.2849444
Kenya,KEN,2013,0.29915392
Kenya,KEN,2014,0.31555018
Kenya,KEN,2015,0.36099023
Kenya,KEN,2016,0.3767061
Kenya,KEN,2017,0.35996386
Kenya,KEN,2018,0.37520558
Kenya,KEN,2019,0.3866188
Kenya,KEN,2020,0.4209682
Kenya,KEN,2021,0.41928926
Kenya,KEN,2022,0.3944042
Kenya,KEN,2023,0.38907528
South Africa,ZAF,1884,0.0050736433
South Africa,ZAF,1885,0.008365839
South Africa,ZAF,1886,0.010759545
South Africa,ZAF,1887,0.01064474
South Africa,ZAF,1888,0.017821977
South Africa,ZAF,1889,0.028852092
South Africa,ZAF,1890,0.064224645
South Africa,ZAF,1891,0.06353949
South Africa,ZAF,1892,0.10166516
South Africa,ZAF,1893,0.3769856
South Africa,ZAF,1894,0.5043756
South Africa,ZAF,1895,0.68461627
South Africa,ZAF,1896,0.8639288
South Africa,ZAF,1897,0.9591635
South Africa,ZAF,1898,1.2014496
South Africa,ZAF,1899,1.0828559
South Africa,ZAF,1900,0.4512719
South Africa,ZAF,1901,0.7461658
South Africa,ZAF,1902,1.0945115
South Africa,ZAF,1903,1.4374822
South Africa,ZAF,1904,1.5922661
South Africa,ZAF,1905,1.7904944
South Africa,ZAF,1906,2.0124688
South Africa,ZAF,1907,2.1834621
South Africa,ZAF,1908,2.2070045
South Africa,ZAF,1909,2.498554
South Africa,ZAF,1910,2.7863219
South Africa,ZAF,1911,2.6380436
South Africa,ZAF,1912,2.7556145
South Africa,ZAF,1913,2.9671652
South Africa,ZAF,1914,2.8303142
South Africa,ZAF,1915,2.8018916
South Africa,ZAF,1916,3.2490325
South Africa,ZAF,1917,3.4212754
South Africa,ZAF,1918,3.2077305
South Africa,ZAF,1919,3.2852855
South Africa,ZAF,1920,3.580643
South Africa,ZAF,1921,3.4797127
South Africa,ZAF,1922,2.9246798
South Africa,ZAF,1923,3.4767804
South Africa,ZAF,1924,3.576961
South Africa,ZAF,1925,3.6516728
South Africa,ZAF,1926,3.7589078
South Africa,ZAF,1927,3.576474
South Africa,ZAF,1928,3.5102365
South Africa,ZAF,1929,3.5715163
South Africa,ZAF,1930,3.266413
South Africa,ZAF,1931,2.8492157
South Africa,ZAF,1932,2.56178
South Africa,ZAF,1933,2.7119203
South Africa,ZAF,1934,3.029633
South Africa,ZAF,1935,3.307719
South Africa,ZAF,1936,3.554351
South Africa,ZAF,1937,3.6386213
South Africa,ZAF,1938,3.749064
South Africa,ZAF,1939,3.8141108
South Africa,ZAF,1940,3.866799
South Africa,ZAF,1941,4.0492563
South Africa,ZAF,1942,4.339325
South Africa,ZAF,1943,4.2875905
South Africa,ZAF,1944,4.7074795
South Africa,ZAF,1945,4.7289643
South Africa,ZAF,1946,4.6544867
South Africa,ZAF,1947,4.5498047
South Africa,ZAF,1948,4.5651846
South Africa,ZAF,1949,4.7465005
South Africa,ZAF,1950,4.6808386
South Africa,ZAF,1951,4.894549
South Africa,ZAF,1952,5.213685
South Africa,ZAF,1953,5.110235
South Africa,ZAF,1954,5.202686
South Africa,ZAF,1955,5.7066035
South Africa,ZAF,1956,5.8641653
South Africa,ZAF,1957,5.880779
South Africa,ZAF,1958,6.162016
South Africa,ZAF,1959,5.899035
South Africa,ZAF,1960,5.9514885
South Africa,ZAF,1961,6.039721
South Africa,ZAF,1962,6.06653
South Africa,ZAF,1963,6.1112695
South Africa,ZAF,1964,6.457979
South Africa,ZAF,1965,6.7126346
South Africa,ZAF,1966,6.512663
South Africa,ZAF,1967,6.584604
South Africa,ZAF,1968,6.5826144
South Africa,ZAF,1969,6.6224833
South Africa,ZAF,1970,6.715361
South Africa,ZAF,1971,7.340355
South Africa,ZAF,1972,7.266308
South Africa,ZAF,1973,7.135521
South Africa,ZAF,1974,7.0648494
South Africa,ZAF,1975,7.201029
South Africa,ZAF,1976,7.3082676
South Africa,ZAF,1977,7.36513
South Africa,ZAF,1978,7.243612
South Africa,ZAF,1979,7.636584
South Africa,ZAF,1980,7.730577
South Africa,ZAF,1981,8.417369
South Africa,ZAF,1982,8.870166
South Africa,ZAF,1983,8.915952
South Africa,ZAF,1984,9.311507
South Africa,ZAF,1985,9.242065
South Africa,ZAF,1986,9.134669
South Africa,ZAF,1987,8.805203
South Africa,ZAF,1988,8.904598
South Africa,ZAF,1989,8.59761
South Africa,ZAF,1990,7.6799717
South Africa,ZAF,1991,7.8206544
South Africa,ZAF,1992,7.099446
South Africa,ZAF,1993,7.3987613
South Africa,ZAF,1994,7.6969476
South Africa,ZAF,1995,8.120362
South Africa,ZAF,1996,8.060904
South Africa,ZAF,1997,8.435504
South Africa,ZAF,1998,8.161634
South Africa,ZAF,1999,8.022434
South Africa,ZAF,2000,8.021823
South Africa,ZAF,2001,7.8126745
South Africa,ZAF,2002,7.4245625
South Africa,ZAF,2003,8.338284
South Africa,ZAF,2004,9.171136
South Africa,ZAF,2005,8.409798
South Africa,ZAF,2006,8.935709
South Africa,ZAF,2007,9.203596
South Africa,ZAF,2008,9.678217
South Africa,ZAF,2009,9.173338
South Africa,ZAF,2010,8.845317
South Africa,ZAF,2011,8.791508
South Africa,ZAF,2012,8.533717
South Africa,ZAF,2013,8.388016
South Africa,ZAF,2014,8.489366
South Africa,ZAF,2015,7.868855
South Africa,ZAF,2016,7.982774
South Africa,ZAF,2017,7.6341534
South Africa,ZAF,2018,7.414418
South Africa,ZAF,2019,7.7887297
South Africa,ZAF,2020,7.167264
South Africa,ZAF,2021,6.925201
South Africa,ZAF,2022,6.4976277
South Africa,ZAF,2023,6.357822
United Kingdom,GBR,1750,1.0019121
United Kingdom,GBR,1760,1.070363
United Kingdom,GBR,1770,1.2627987
United Kingdom,GBR,1780,1.4520383
United Kingdom,GBR,1790,1.7707893
United Kingdom,GBR,1800,2.9153564
United Kingdom,GBR,1801,2.8286498
United Kingdom,GBR,1802,2.7656965
United Kingdom,GBR,1803,2.5437405
United Kingdom,GBR,1804,2.4763212
United Kingdom,GBR,1805,2.5825114
United Kingdom,GBR,1806,2.695625
United Kingdom,GBR,1807,2.811327
United Kingdom,GBR,1808,2.8766963
United Kingdom,GBR,1809,2.915259
United Kingdom,GBR,1810,2.8722124
United Kingdom,GBR,1811,2.8188872
United Kingdom,GBR,1812,2.7279038
United Kingdom,GBR,1813,2.6192143
United Kingdom,GBR,1814,2.5276635
United Kingdom,GBR,1815,2.4391406
United Kingdom,GBR,1816,2.3177464
United Kingdom,GBR,1817,2.3279696
United Kingdom,GBR,1818,2.303634
United Kingdom,GBR,1819,2.1739373
United Kingdom,GBR,1820,2.0557053
United Kingdom,GBR,1821,2.0387487
United Kingdom,GBR,1822,2.0682518
United Kingdom,GBR,1823,2.1145442
United Kingdom,GBR,1824,2.1529691
United Kingdom,GBR,1825,2.1886015
United Kingdom,GBR,1826,2.1842163
United Kingdom,GBR,1827,2.2401965
United Kingdom,GBR,1828,2.2364638
United Kingdom,GBR,1829,2.234891
United Kingdom,GBR,1830,2.8095102
United Kingdom,GBR,1831,2.6452432
United Kingdom,GBR,1832,2.5387402
United Kingdom,GBR,1833,2.4873807
United Kingdom,GBR,1834,2.6161683
United Kingdom,GBR,1835,2.8411562
United Kingdom,GBR,1836,3.0594063
United Kingdom,GBR,1837,2.9013233
United Kingdom,GBR,1838,2.8080924
United Kingdom,GBR,1839,2.8675888
United Kingdom,GBR,1840,3.0363529
United Kingdom,GBR,1841,3.0412488
United Kingdom,GBR,1842,3.1750915
United Kingdom,GBR,1843,3.2955952
United Kingdom,GBR,1844,3.490339
United Kingdom,GBR,1845,3.7006795
United Kingdom,GBR,1846,3.5360403
United Kingdom,GBR,1847,3.7643142
United Kingdom,GBR,1848,4.0223227
United Kingdom,GBR,1849,4.3204474
United Kingdom,GBR,1850,4.489172
United Kingdom,GBR,1851,4.252994
United Kingdom,GBR,1852,4.2159934
United Kingdom,GBR,1853,4.167399
United Kingdom,GBR,1854,4.9915624
United Kingdom,GBR,1855,4.6457763
United Kingdom,GBR,1856,4.969304
United Kingdom,GBR,1857,4.8508296
United Kingdom,GBR,1858,4.7254786
United Kingdom,GBR,1859,5.21251
United Kingdom,GBR,1860,5.8072352
United Kingdom,GBR,1861,6.007872
United Kingdom,GBR,1862,5.7708826
United Kingdom,GBR,1863,6.086277
United Kingdom,GBR,1864,6.4942226
United Kingdom,GBR,1865,6.8250237
United Kingdom,GBR,1866,6.974182
United Kingdom,GBR,1867,7.1007743
United Kingdom,GBR,1868,6.907395
United Kingdom,GBR,1869,7.185026
United Kingdom,GBR,1870,7.273863
United Kingdom,GBR,1871,7.6345577
United Kingdom,GBR,1872,7.967353
United Kingdom,GBR,1873,8.189286
United Kingdom,GBR,1874,7.8809423
United Kingdom,GBR,1875,8.238478
United Kingdom,GBR,1876,8.144492
United Kingdom,GBR,1877,8.210754
United Kingdom,GBR,1878,7.9860015
United Kingdom,GBR,1879,7.9602866
United Kingdom,GBR,1880,8.59724
United Kingdom,GBR,1881,8.958958
United Kingdom,GBR,1882,8.960591
United Kingdom,GBR,1883,9.250244
United Kingdom,GBR,1884,8.935579
United Kingdom,GBR,1885,8.759362
United Kingdom,GBR,1886,8.611424
United Kingdom,GBR,1887,8.762649
United Kingdom,GBR,1888,9.038788
United Kingdom,GBR,1889,9.284015
United Kingdom,GBR,1890,9.419005
United Kingdom,GBR,1891,9.533845
United Kingdom,GBR,1892,9.25243
United Kingdom,GBR,1893,8.21112
United Kingdom,GBR,1894,9.315627
United Kingdom,GBR,1895,9.317141
United Kingdom,GBR,1896,9.494172
United Kingdom,GBR,1897,9.656031
United Kingdom,GBR,1898,9.589032
United Kingdom,GBR,1899,10.180933
United Kingdom,GBR,1900,10.215249
United Kingdom,GBR,1901,9.90617
United Kingdom,GBR,1902,10.200084
United Kingdom,GBR,1903,10.190824
United Kingdom,GBR,1904,10.149534
United Kingdom,GBR,1905,10.193703
United Kingdom,GBR,1906,10.467203
United Kingdom,GBR,1907,10.839091
United Kingdom,GBR,1908,10.481716
United Kingdom,GBR,1909,10.493224
United Kingdom,GBR,1910,10.50297
United Kingdom,GBR,1911,10.698935
United Kingdom,GBR,1912,10.082025
United Kingdom,GBR,1913,10.975125
United Kingdom,GBR,1914,10.597855
United Kingdom,GBR,1915,10.691779
United Kingdom,GBR,1916,11.030396
United Kingdom,GBR,1917,10.85709
United Kingdom,GBR,1918,10.07166
United Kingdom,GBR,1919,9.811919
United Kingdom,GBR,1920,10.318364
United Kingdom,GBR,1921,7.1308627
United Kingdom,GBR,1922,9.444493
United Kingdom,GBR,1923,10.033588
United Kingdom,GBR,1924,10.532615
United Kingdom,GBR,1925,9.965467
United Kingdom,GBR,1926,5.655135
United Kingdom,GBR,1927,10.448244
United Kingdom,GBR,1928,9.884894
United Kingdom,GBR,1929,10.408271
United Kingdom,GBR,1930,10.021771
United Kingdom,GBR,1931,9.352548
United Kingdom,GBR,1932,8.96392
United Kingdom,GBR,1933,8.869657
United Kingdom,GBR,1934,9.531863
United Kingdom,GBR,1935,9.610427
United Kingdom,GBR,1936,10.09914
United Kingdom,GBR,1937,10.368437
United Kingdom,GBR,1938,9.919003
United Kingdom,GBR,1939,9.903666
United Kingdom,GBR,1940,10.3948345
United Kingdom,GBR,1941,10.344048
United Kingdom,GBR,1942,10.161616
United Kingdom,GBR,1943,10.065381
United Kingdom,GBR,1944,10.015328
United Kingdom,GBR,1945,9.231059
United Kingdom,GBR,1946,9.4255495
United Kingdom,GBR,1947,9.810102
United Kingdom,GBR,1948,10.14036
United Kingdom,GBR,1949,10.181252
United Kingdom,GBR,1950,9.991659
United Kingdom,GBR,1951,10.829935
United Kingdom,GBR,1952,10.470209
United Kingdom,GBR,1953,10.649365
United Kingdom,GBR,1954,10.852213
United Kingdom,GBR,1955,11.273707
United Kingdom,GBR,1956,11.17351
United Kingdom,GBR,1957,11.048381
United Kingdom,GBR,1958,10.711639
United Kingdom,GBR,1959,10.466076
United Kingdom,GBR,1960,11.116029
United Kingdom,GBR,1961,11.130099
United Kingdom,GBR,1962,11.130091
United Kingdom,GBR,1963,11.246088
United Kingdom,GBR,1964,11.254874
United Kingdom,GBR,1965,11.444496
United Kingdom,GBR,1966,11.304241
United Kingdom,GBR,1967,10.769831
United Kingdom,GBR,1968,10.97902
United Kingdom,GBR,1969,11.33115
United Kingdom,GBR,1970,11.723551
United Kingdom,GBR,1971,11.815778
United Kingdom,GBR,1972,11.555548
United Kingdom,GBR,1973,11.738589
United Kingdom,GBR,1974,10.977119
United Kingdom,GBR,1975,10.730088
United Kingdom,GBR,1976,10.649713
United Kingdom,GBR,1977,10.758394
United Kingdom,GBR,1978,10.7647085
United Kingdom,GBR,1979,11.464372
United Kingdom,GBR,1980,10.288091
United Kingdom,GBR,1981,9.955751
United Kingdom,GBR,1982,9.739092
United Kingdom,GBR,1983,9.683387
United Kingdom,GBR,1984,9.372823
United Kingdom,GBR,1985,9.886288
United Kingdom,GBR,1986,10.018232
United Kingdom,GBR,1987,10.049351
United Kingdom,GBR,1988,10.000498
United Kingdom,GBR,1989,10.170591
United Kingdom,GBR,1990,10.4927225
United Kingdom,GBR,1991,10.588317
United Kingdom,GBR,1992,10.288521
United Kingdom,GBR,1993,10.017321
United Kingdom,GBR,1994,9.896297
United Kingdom,GBR,1995,9.735405
United Kingdom,GBR,1996,10.0647545
United Kingdom,GBR,1997,9.62765
United Kingdom,GBR,1998,9.697672
United Kingdom,GBR,1999,9.545588
United Kingdom,GBR,2000,9.635275
United Kingdom,GBR,2001,9.748509
United Kingdom,GBR,2002,9.40991
United Kingdom,GBR,2003,9.555585
United Kingdom,GBR,2004,9.530167
United Kingdom,GBR,2005,9.412128
United Kingdom,GBR,2006,9.301154
United Kingdom,GBR,2007,9.09334
United Kingdom,GBR,2008,8.785364
United Kingdom,GBR,2009,7.9049363
United Kingdom,GBR,2010,8.124634
United Kingdom,GBR,2011,7.3959785
United Kingdom,GBR,2012,7.62153
United Kingdom,GBR,2013,7.4175463
United Kingdom,GBR,2014,6.764833
United Kingdom,GBR,2015,6.461413
United Kingdom,GBR,2016,6.061766
United Kingdom,GBR,2017,5.8378453
United Kingdom,GBR,2018,5.6886244
United Kingdom,GBR,2019,5.4350777
United Kingdom,GBR,2020,4.84416
United Kingdom,GBR,2021,5.091122
United Kingdom,GBR,2022,4.6030793
United Kingdom,GBR,2023,4.4428244
United States,USA,1800,0.042136
United States,USA,1801,0.043749023
United States,USA,1802,0.046463702
United States,USA,1803,0.04675338
United States,USA,1804,0.051547863
United States,USA,1805,0.05170035
United States,USA,1806,0.049647022
United States,USA,1807,0.055148073
United States,USA,1808,0.056223534
United States,USA,1809,0.05672419
United States,USA,1810,0.057195846
United States,USA,1811,0.05957973
United States,USA,1812,0.0625836
United States,USA,1813,0.06519789
United States,USA,1814,0.06802918
United States,USA,1815,0.070616506
United States,USA,1816,0.07547438
United States,USA,1817,0.079147205
United States,USA,1818,0.08329477
United States,USA,1819,0.0788342
United States,USA,1820,0.07940742
United States,USA,1821,0.08064995
United States,USA,1822,0.08181233
United States,USA,1823,0.08290245
United States,USA,1824,0.09074809
United States,USA,1825,0.09872902
United States,USA,1826,0.111148365
United States,USA,1827,0.11888613
United States,USA,1828,0.12727666
United States,USA,1829,0.13939415
United States,USA,1830,0.15767905
United States,USA,1831,0.16626401
United States,USA,1832,0.21589011
United States,USA,1833,0.2451494
United States,USA,1834,0.22857675
United States,USA,1835,0.28379282
United States,USA,1836,0.30255765
United States,USA,1837,0.33012334
United States,USA,1838,0.3045117
United States,USA,1839,0.3247494
United States,USA,1840,0.3359056
United States,USA,1841,0.34518078
United States,USA,1842,0.37302932
United States,USA,1843,0.40623948
United States,USA,1844,0.47249264
United States,USA,1845,0.5519618
United States,USA,1846,0.6075555
United States,USA,1847,0.6989572
United States,USA,1848,0.7553745
United States,USA,1849,0.79568434
United States,USA,1850,0.83870095
United States,USA,1851,1.0133029
United States,USA,1852,1.0699053
United States,USA,1853,1.1693825
United States,USA,1854,1.2480785
United States,USA,1855,1.394424
United States,USA,1856,1.4202958
United States,USA,1857,1.4139436
United States,USA,1858,1.3925428
United States,USA,1859,1.4731518
United States,USA,1860,1.5011375
United States,USA,1861,1.4090402
United States,USA,1862,1.4285618
United States,USA,1863,1.6126716
United States,USA,1864,1.6866376
United States,USA,1865,1.6529324
United States,USA,1866,1.6266301
United States,USA,1867,1.9555545
United States,USA,1868,2.1599026
United States,USA,1869,2.401964
United States,USA,1870,2.4715502
United States,USA,1871,2.524375
United States,USA,1872,3.0265274
United States,USA,1873,3.2694678
United States,USA,1874,3.0782638
United States,USA,1875,3.0432105
United States,USA,1876,2.912211
United States,USA,1877,3.1561265
United States,USA,1878,3.0182126
United States,USA,1879,3.5994267
United States,USA,1880,3.986088
United States,USA,1881,4.1242743
United States,USA,1882,4.517172
United States,USA,1883,4.764769
United States,USA,1884,4.911519
United States,USA,1885,4.885538
United States,USA,1886,5.0466657
United States,USA,1887,5.2776074
United States,USA,1888,6.2780514
United States,USA,1889,5.5148797
United States,USA,1890,6.468085
United States,USA,1891,6.7461
United States,USA,1892,6.9749255
United States,USA,1893,6.9034314
United States,USA,1894,6.3442984
United States,USA,1895,7.033352
United States,USA,1896,6.918819
United States,USA,1897,7.067037
United States,USA,1898,7.563029
United States,USA,1899,8.516529
United States,USA,1900,8.856599
United States,USA,1901,9.463163
United States,USA,1902,9.83929
United States,USA,1903,11.294751
United States,USA,1904,10.9292755
United States,USA,1905,11.993248
United States,USA,1906,12.352037
United States,USA,1907,14.090626
United States,USA,1908,12.090888
United States,USA,1909,13.149926
United States,USA,1910,14.104886
United States,USA,1911,13.743023
United States,USA,1912,14.455241
United States,USA,1913,15.308516
United States,USA,1914,13.795953
United States,USA,1915,14.121179
United States,USA,1916,15.469336
United States,USA,1917,16.785204
United States,USA,1918,17.309261
United States,USA,1919,14.442194
United States,USA,1920,16.730282
United States,USA,1921,13.506341
United States,USA,1922,13.424879
United States,USA,1923,17.478342
United States,USA,1924,15.423299
United States,USA,1925,15.735723
United States,USA,1926,16.812035
United States,USA,1927,16.192951
United States,USA,1928,15.685378
United States,USA,1929,16.603048
United States,USA,1930,14.58597
United States,USA,1931,12.289558
United States,USA,1932,10.321664
United States,USA,1933,10.991698
United States,USA,1934,11.621933
United States,USA,1935,11.991493
United States,USA,1936,13.672
United States,USA,1937,14.204154
United States,USA,1938,11.926593
United States,USA,1939,13.037762
United States,USA,1940,14.487894
United States,USA,1941,15.615902
United States,USA,1942,16.58958
United States,USA,1943,16.911407
United States,USA,1944,17.948437
United States,USA,1945,17.084375
United States,USA,1946,16.121332
United States,USA,1947,17.508738
United States,USA,1948,17.940481
United States,USA,1949,14.822593
United States,USA,1950,16.48146
United States,USA,1951,16.734978
United States,USA,1952,16.066198
United States,USA,1953,16.212685
United States,USA,1954,15.213387
United States,USA,1955,16.417036
United States,USA,1956,16.940592
United States,USA,1957,16.535189
United States,USA,1958,15.768463
United States,USA,1959,15.986401
United States,USA,1960,16.07168
United States,USA,1961,15.733178
United States,USA,1962,16.033813
United States,USA,1963,16.470348
United States,USA,1964,16.929379
United States,USA,1965,17.37532
United States,USA,1966,18.013336
United States,USA,1967,18.462694
United States,USA,1968,18.91976
United States,USA,1969,19.65487
United States,USA,1970,20.884323
United States,USA,1971,20.745802
United States,USA,1972,21.485434
United States,USA,1973,22.257154
United States,USA,1974,21.289358
United States,USA,1975,20.437992
United States,USA,1976,21.468273
United States,USA,1977,21.902563
United States,USA,1978,21.924551
United States,USA,1979,22.010122
United States,USA,1980,20.92102
United States,USA,1981,20.183939
United States,USA,1982,18.959597
United States,USA,1983,18.69184
United States,USA,1984,19.47947
United States,USA,1985,19.251644
United States,USA,1986,19.11719
United States,USA,1987,19.605083
United States,USA,1988,20.334122
United States,USA,1989,20.474888
United States,USA,1990,20.211107
United States,USA,1991,19.740822
United States,USA,1992,19.931076
United States,USA,1993,20.07686
United States,USA,1994,20.206358
United States,USA,1995,20.227972
United States,USA,1996,20.722767
United States,USA,1997,20.800028
United States,USA,1998,20.763779
United States,USA,1999,20.81858
United States,USA,2000,21.351597
United States,USA,2001,20.781439
United States,USA,2002,20.712757
United States,USA,2003,20.731209
United States,USA,2004,20.877535
United States,USA,2005,20.736685
United States,USA,2006,20.26138
United States,USA,2007,20.308895
United States,USA,2008,19.395718
United States,USA,2009,17.79321
United States,USA,2010,18.259064
United States,USA,2011,17.656881
United States,USA,2012,16.852184
United States,USA,2013,17.119564
United States,USA,2014,17.110548
United States,USA,2015,16.485851
United States,USA,2016,15.957656
United States,USA,2017,15.689611
United States,USA,2018,16.050419
United States,USA,2019,15.578152
United States,USA,2020,13.889587
United States,USA,2021,14.793602
United States,USA,2022,14.870761
United States,USA,2023,14.299026
World,OWID_WRL,1750,0.0123539
World,OWID_WRL,1760,0.013338744
World,OWID_WRL,1770,0.015818821
World,OWID_WRL,1780,0.01762452
World,OWID_WRL,1790,0.021648014
World,OWID_WRL,1800,0.033362012
World,OWID_WRL,1801,0.032424923
World,OWID_WRL,1802,0.040723216
World,OWID_WRL,1803,0.029737618
World,OWID_WRL,1804,0.031871665
World,OWID_WRL,1805,0.0312423
World,OWID_WRL,1806,0.03257867
World,OWID_WRL,1807,0.035932284
World,OWID_WRL,1808,0.03510763
World,OWID_WRL,1809,0.03580392
World,OWID_WRL,1810,0.038712256
World,OWID_WRL,1811,0.039175447
World,OWID_WRL,1812,0.039563652
World,OWID_WRL,1813,0.039684527
World,OWID_WRL,1814,0.04039906
World,OWID_WRL,1815,0.04142064
World,OWID_WRL,1816,0.042939313
World,OWID_WRL,1817,0.04618237
World,OWID_WRL,1818,0.047824178
World,OWID_WRL,1819,0.047065414
World,OWID_WRL,1820,0.046565164
World,OWID_WRL,1821,0.047476232
World,OWID_WRL,1822,0.04895967
World,OWID_WRL,1823,0.05074557
World,OWID_WRL,1824,0.05151068
World,OWID_WRL,1825,0.053968403
World,OWID_WRL,1826,0.054183245
World,OWID_WRL,1827,0.057638906
World,OWID_WRL,1828,0.058070365
World,OWID_WRL,1829,0.057378292
World,OWID_WRL,1830,0.07654942
World,OWID_WRL,1831,0.07122242
World,OWID_WRL,1832,0.06987763
World,OWID_WRL,1833,0.07053719
World,OWID_WRL,1834,0.07486173
World,OWID_WRL,1835,0.081763364
World,OWID_WRL,1836,0.08931406
World,OWID_WRL,1837,0.088315286
World,OWID_WRL,1838,0.0876033
World,OWID_WRL,1839,0.0903286
World,OWID_WRL,1840,0.09741459
World,OWID_WRL,1841,0.09970388
World,OWID_WRL,1842,0.10511472
World,OWID_WRL,1843,0.107046865
World,OWID_WRL,1844,0.11428088
World,OWID_WRL,1845,0.124253325
World,OWID_WRL,1846,0.12576827
World,OWID_WRL,1847,0.13556848
World,OWID_WRL,1848,0.13717109
World,OWID_WRL,1849,0.1455768
World,OWID_WRL,1850,0.1543173
World,OWID_WRL,1851,0.15544534
World,OWID_WRL,1852,0.16203701
World,OWID_WRL,1853,0.16934833
World,OWID_WRL,1854,0.19854853
World,OWID_WRL,1855,0.20232286
World,OWID_WRL,1856,0.21597627
World,OWID_WRL,1857,0.21790454
World,OWID_WRL,1858,0.22091478
World,OWID_WRL,1859,0.23362447
World,OWID_WRL,1860,0.25600266
World,OWID_WRL,1861,0.26834363
World,OWID_WRL,1862,0.27281454
World,OWID_WRL,1863,0.28998128
World,OWID_WRL,1864,0.311936
World,OWID_WRL,1865,0.33019522
World,OWID_WRL,1866,0.3399115
World,OWID_WRL,1867,0.36277172
World,OWID_WRL,1868,0.3718745
World,OWID_WRL,1869,0.39315882
World,OWID_WRL,1870,0.40004173
World,OWID_WRL,1871,0.42324728
World,OWID_WRL,1872,0.46637836
World,OWID_WRL,1873,0.49293151
World,OWID_WRL,1874,0.4597158
World,OWID_WRL,1875,0.4953291
World,OWID_WRL,1876,0.49953198
World,OWID_WRL,1877,0.5064879
World,OWID_WRL,1878,0.5077389
World,OWID_WRL,1879,0.5404565
World,OWID_WRL,1880,0.60657847
World,OWID_WRL,1881,0.6236064
World,OWID_WRL,1882,0.6541044
World,OWID_WRL,1883,0.6906218
World,OWID_WRL,1884,0.69375587
World,OWID_WRL,1885,0.6938907
World,OWID_WRL,1886,0.6992245
World,OWID_WRL,1887,0.7283637
World,OWID_WRL,1888,0.8010068
World,OWID_WRL,1889,0.79564834
World,OWID_WRL,1890,0.8590956
World,OWID_WRL,1891,0.8938836
World,OWID_WRL,1892,0.8949848
World,OWID_WRL,1893,0.87804705
World,OWID_WRL,1894,0.90370584
World,OWID_WRL,1895,0.9510052
World,OWID_WRL,1896,0.97596955
World,OWID_WRL,1897,1.0152088
World,OWID_WRL,1898,1.0635974
World,OWID_WRL,1899,1.1534293
World,OWID_WRL,1900,1.2053846
World,OWID_WRL,1901,1.2342092
World,OWID_WRL,1902,1.2550575
World,OWID_WRL,1903,1.3569038
World,OWID_WRL,1904,1.3606772
World,OWID_WRL,1905,1.437432
World,OWID_WRL,1906,1.4881015
World,OWID_WRL,1907,1.6817782
World,OWID_WRL,1908,1.6014835
World,OWID_WRL,1909,1.6542846
World,OWID_WRL,1910,1.721905
World,OWID_WRL,1911,1.7355986
World,OWID_WRL,1912,1.8107282
World,OWID_WRL,1913,1.94843
World,OWID_WRL,1914,1.755635
World,OWID_WRL,1915,1.7168398
World,OWID_WRL,1916,1.8420664
World,OWID_WRL,1917,1.9140049
World,OWID_WRL,1918,1.8747193
World,OWID_WRL,1919,1.613208
World,OWID_WRL,1920,1.8665122
World,OWID_WRL,1921,1.6254946
World,OWID_WRL,1922,1.6886933
World,OWID_WRL,1923,1.8982953
World,OWID_WRL,1924,1.8877376
World,OWID_WRL,1925,1.8901371
World,OWID_WRL,1926,1.8416378
World,OWID_WRL,1927,1.9916866
World,OWID_WRL,1928,1.9655665
World,OWID_WRL,1929,2.089644
World,OWID_WRL,1930,1.9104745
World,OWID_WRL,1931,1.6917075
World,OWID_WRL,1932,1.5107743
World,OWID_WRL,1933,1.5750866
World,OWID_WRL,1934,1.6951178
World,OWID_WRL,1935,1.7602086
World,OWID_WRL,1936,1.9111643
World,OWID_WRL,1937,2.0212405
World,OWID_WRL,1938,1.8813967
World,OWID_WRL,1939,1.9686369
World,OWID_WRL,1940,2.1311986
World,OWID_WRL,1941,2.1621447
World,OWID_WRL,1942,2.1373808
World,OWID_WRL,1943,2.1605966
World,OWID_WRL,1944,2.1811
World,OWID_WRL,1945,1.7987014
World,OWID_WRL,1946,1.918388
World,OWID_WRL,1947,2.1332438
World,OWID_WRL,1948,2.231005
World,OWID_WRL,1949,2.10867
World,OWID_WRL,1950,2.3786693
World,OWID_WRL,1951,2.5154169
World,OWID_WRL,1952,2.5028036
World,OWID_WRL,1953,2.5249114
World,OWID_WRL,1954,2.527846
World,OWID_WRL,1955,2.7165384
World,OWID_WRL,1956,2.835367
World,OWID_WRL,1957,2.86952
World,OWID_WRL,1958,2.8912625
World,OWID_WRL,1959,2.9854476
World,OWID_WRL,1960,3.1129503
World,OWID_WRL,1961,3.0719225
World,OWID_WRL,1962,3.1207554
World,OWID_WRL,1963,3.2155936
World,OWID_WRL,1964,3.315824
World,OWID_WRL,1965,3.3919585
World,OWID_WRL,1966,3.4848719
World,OWID_WRL,1967,3.5231543
World,OWID_WRL,1968,3.6402261
World,OWID_WRL,1969,3.8021321
World,OWID_WRL,1970,4.032584
World,OWID_WRL,1971,4.112594
World,OWID_WRL,1972,4.2197514
World,OWID_WRL,1973,4.3575473
World,OWID_WRL,1974,4.256582
World,OWID_WRL,1975,4.1891084
World,OWID_WRL,1976,4.340744
World,OWID_WRL,1977,4.385783
World,OWID_WRL,1978,4.442884
World,OWID_WRL,1979,4.4886904
World,OWID_WRL,1980,4.3818007
World,OWID_WRL,1981,4.20045
World,OWID_WRL,1982,4.091141
World,OWID_WRL,1983,4.043131
World,OWID_WRL,1984,4.1085486
World,OWID_WRL,1985,4.1717267
World,OWID_WRL,1986,4.157858
World,OWID_WRL,1987,4.208147
World,OWID_WRL,1988,4.295053
World,OWID_WRL,1989,4.2768035
World,OWID_WRL,1990,4.266109
World,OWID_WRL,1991,4.278877
World,OWID_WRL,1992,4.091575
World,OWID_WRL,1993,4.069678
World,OWID_WRL,1994,4.051227
World,OWID_WRL,1995,4.0862265
World,OWID_WRL,1996,4.152334
World,OWID_WRL,1997,4.118613
World,OWID_WRL,1998,4.0458646
World,OWID_WRL,1999,4.081738
World,OWID_WRL,2000,4.1334705
World,OWID_WRL,2001,4.1097608
World,OWID_WRL,2002,4.146101
World,OWID_WRL,2003,4.3096466
World,OWID_WRL,2004,4.4027133
World,OWID_WRL,2005,4.4959054
World,OWID_WRL,2006,4.5909643
World,OWID_WRL,2007,4.666746
World,OWID_WRL,2008,4.6861563
World,OWID_WRL,2009,4.549688
World,OWID_WRL,2010,4.750381
World,OWID_WRL,2011,4.852329
World,OWID_WRL,2012,4.8603024
World,OWID_WRL,2013,4.8412857
World,OWID_WRL,2014,4.802484
World,OWID_WRL,2015,4.7392993
World,OWID_WRL,2016,4.685639
World,OWID_WRL,2017,4.707258
World,OWID_WRL,2018,4.751732
World,OWID_WRL,2019,4.7500806
World,OWID_WRL,2020,4.453724
World,OWID_WRL,2021,4.650446
World,OWID_WRL,2022,4.649288
World,OWID_WRL,2023,4.6703916